<?xml version="1.0" encoding="UTF-8"?>
<GenRun Id="synth_1" LaunchPart="xcku040-ffva1156-2-e" LaunchTime="1715835875">
  <File Type="PA-TCL" Name="aurora_ultra.tcl"/>
  <File Type="RDS-PROPCONSTRS" Name="aurora_ultra_drc_synth.rpt"/>
  <File Type="REPORTS-TCL" Name="aurora_ultra_reports.tcl"/>
  <File Type="RDS-RDS" Name="aurora_ultra.vds"/>
  <File Type="RDS-UTIL" Name="aurora_ultra_utilization_synth.rpt"/>
  <File Type="RDS-UTIL-PB" Name="aurora_ultra_utilization_synth.pb"/>
  <File Type="RDS-DCP" Name="aurora_ultra.dcp"/>
  <File Type="VDS-TIMINGSUMMARY" Name="aurora_ultra_timing_summary_synth.rpt"/>
  <File Type="VDS-TIMING-PB" Name="aurora_ultra_timing_summary_synth.pb"/>
  <FileSet Name="sources" Type="DesignSrcs" RelSrcDir="$PSRCDIR/sources_1">
    <Filter Type="Srcs"/>
    <File Path="$PSRCDIR/sources_1/new/aurora_ultra.v">
      <FileInfo>
        <Attr Name="UsedIn" Val="synthesis"/>
        <Attr Name="UsedIn" Val="implementation"/>
        <Attr Name="UsedIn" Val="simulation"/>
      </FileInfo>
    </File>
    <Config>
      <Option Name="DesignMode" Val="RTL"/>
      <Option Name="TopModule" Val="aurora_ultra"/>
      <Option Name="TopAutoSet" Val="TRUE"/>
    </Config>
  </FileSet>
  <FileSet Name="constrs_in" Type="Constrs" RelSrcDir="$PSRCDIR/constrs_1">
    <Filter Type="Constrs"/>
    <File Path="$PSRCDIR/constrs_1/new/aurora_cons.xdc">
      <FileInfo>
        <Attr Name="UsedIn" Val="synthesis"/>
        <Attr Name="UsedIn" Val="implementation"/>
      </FileInfo>
    </File>
    <Config>
      <Option Name="ConstrsType" Val="XDC"/>
    </Config>
  </FileSet>
  <FileSet Name="utils" Type="Utils" RelSrcDir="$PSRCDIR/utils_1">
    <Filter Type="Utils"/>
    <Config>
      <Option Name="TopAutoSet" Val="TRUE"/>
    </Config>
  </FileSet>
  <Strategy Version="1" Minor="2">
    <StratHandle Name="Vivado Synthesis Defaults" Flow="Vivado Synthesis 2018"/>
    <Step Id="synth_design"/>
  </Strategy>
  <BlockFileSet Type="BlockSrcs" Name="aurora_8b10b_0"/>
  <BlockFileSet Type="BlockSrcs" Name="ila_0"/>
</GenRun>
