<?xml version="1.0"?>
<Runs Version="1" Minor="0">
	<Run Id="aurora_8b10b_0_synth_1" LaunchDir="C:/Users/shrut/OneDrive/Desktop/Projects_Verilog/aurora_ultrascale_framing/aurora_ultrascale_framing.runs/aurora_8b10b_0_synth_1" FlowId="Vivado_Synthesis" FromStepId="vivado" ToStepId="vivado"/>
	<Run Id="ila_0_synth_1" LaunchDir="C:/Users/shrut/OneDrive/Desktop/Projects_Verilog/aurora_ultrascale_framing/aurora_ultrascale_framing.runs/ila_0_synth_1" FlowId="Vivado_Synthesis" FromStepId="vivado" ToStepId="vivado"/>
	<Run Id="synth_1" LaunchDir="C:/Users/shrut/OneDrive/Desktop/Projects_Verilog/aurora_ultrascale_framing/aurora_ultrascale_framing.runs/synth_1" FlowId="Vivado_Synthesis" FromStepId="vivado" ToStepId="vivado">
		<Parent Id="aurora_8b10b_0_synth_1"/>
		<Parent Id="ila_0_synth_1"/>
	</Run>
	<Run Id="impl_1" LaunchDir="C:/Users/shrut/OneDrive/Desktop/Projects_Verilog/aurora_ultrascale_framing/aurora_ultrascale_framing.runs/impl_1" FlowId="Vivado_Implementation" FromStepId="init_design" ToStepId="write_bitstream">
		<Parent Id="synth_1"/>
		<Parent Id="aurora_8b10b_0_synth_1"/>
		<Parent Id="ila_0_synth_1"/>
	</Run>
	<Parameters>
		<Parameter Name="runs.monitorLSFJobs" Val="true" Type="bool"/>
	</Parameters>
</Runs>

